{
    "variants": {
        "normal": [
            { "model": "waterlily/waterlily" },
            { "model": "waterlily/waterlily", "y": 90 },
            { "model": "waterlily/waterlily", "y": 180 },
            { "model": "waterlily/waterlily", "y": 270 },
            { "model": "waterlily/waterlily_2" },
            { "model": "waterlily/waterlily_2", "y": 90 },
            { "model": "waterlily/waterlily_2", "y": 180 },
            { "model": "waterlily/waterlily_2", "y": 270 },
            { "model": "waterlily/waterlily_3" },
            { "model": "waterlily/waterlily_3", "y": 90 },
            { "model": "waterlily/waterlily_3", "y": 180 },
            { "model": "waterlily/waterlily_3", "y": 270 },
            { "model": "waterlily/waterlily_4" },
            { "model": "waterlily/waterlily_4", "y": 90 },
            { "model": "waterlily/waterlily_4", "y": 180 },
            { "model": "waterlily/waterlily_4", "y": 270 },
            { "model": "waterlily/waterlily_5" },
            { "model": "waterlily/waterlily_5", "y": 90 },
            { "model": "waterlily/waterlily_5", "y": 180 },
            { "model": "waterlily/waterlily_5", "y": 270 }
        ]
    }
}
